{"_type":"export","__export_format":4,"__export_date":"2024-04-18T01:32:15.275Z","__export_source":"insomnia.desktop.app:v8.6.1","resources":[{"_id":"req_c22d6602bb6c46e39906e46b3a0074f2","parentId":"wrk_9a200e6f601a4fe4b3c67f7e724b0021","modified":1713403122564,"created":1712963299074,"url":"http://localhost:3000/funcionarios?cargo=adsa","name":"funcionario","description":"","method":"GET","body":{},"parameters":[],"headers":[{"name":"User-Agent","value":"insomnia/8.6.1"}],"authentication":{},"metaSortKey":-1712963299074,"isPrivate":false,"pathParameters":[],"settingStoreCookies":true,"settingSendCookies":true,"settingDisableRenderRequestBody":false,"settingEncodeUrl":true,"settingRebuildPath":true,"settingFollowRedirects":"global","_type":"request"},{"_id":"wrk_9a200e6f601a4fe4b3c67f7e724b0021","parentId":null,"modified":1712962395428,"created":1712962395428,"name":"prova","description":"","scope":"collection","_type":"workspace"},{"_id":"req_4033f703d2b649bfacb2be1d605109bd","parentId":"wrk_9a200e6f601a4fe4b3c67f7e724b0021","modified":1713403735420,"created":1712962449271,"url":"http://localhost:3000/reajuste/6620774dd89222ce7651d569","name":"reajuste","description":"","method":"PUT","body":{"mimeType":"application/json","text":"{\n\t\"reajuste\": 10\n}"},"parameters":[],"headers":[{"name":"Content-Type","value":"application/json"},{"name":"User-Agent","value":"insomnia/8.6.1"}],"authentication":{},"metaSortKey":-1712962449271,"isPrivate":false,"pathParameters":[],"settingStoreCookies":true,"settingSendCookies":true,"settingDisableRenderRequestBody":false,"settingEncodeUrl":true,"settingRebuildPath":true,"settingFollowRedirects":"global","_type":"request"},{"_id":"req_fc1d1fce80654700abf855155dae3555","parentId":"wrk_9a200e6f601a4fe4b3c67f7e724b0021","modified":1713399598187,"created":1712962432018,"url":"http://localhost:3000/todos","name":"todos","description":"","method":"GET","body":{},"parameters":[],"headers":[{"name":"User-Agent","value":"insomnia/8.6.1"}],"authentication":{},"metaSortKey":-1712962432018,"isPrivate":false,"pathParameters":[],"settingStoreCookies":true,"settingSendCookies":true,"settingDisableRenderRequestBody":false,"settingEncodeUrl":true,"settingRebuildPath":true,"settingFollowRedirects":"global","_type":"request"},{"_id":"req_755eb2fd61aa40b29900d0994ce39494","parentId":"wrk_9a200e6f601a4fe4b3c67f7e724b0021","modified":1713403747544,"created":1712962400582,"url":"http://localhost:3000/cadastro","name":"pessoas","description":"","method":"POST","body":{"mimeType":"application/json","text":"{\n\t\"tipoPessoa\": \"PJ\",\n\t\t\"nome\": \"Kaio\",\n\t\t\"salario\": 16000,\n\t\t\n\t\"cnpj\":\"99.999.999/9999-99\"\n\t\t\n\t\n}"},"parameters":[],"headers":[{"name":"Content-Type","value":"application/json"},{"name":"User-Agent","value":"insomnia/8.6.1"}],"authentication":{},"metaSortKey":-1712962400582,"isPrivate":false,"pathParameters":[],"settingStoreCookies":true,"settingSendCookies":true,"settingDisableRenderRequestBody":false,"settingEncodeUrl":true,"settingRebuildPath":true,"settingFollowRedirects":"global","_type":"request"},{"_id":"env_8c4d9dea8f73d6870186a5caa7e5827c8c381ca2","parentId":"wrk_9a200e6f601a4fe4b3c67f7e724b0021","modified":1712962395431,"created":1712962395431,"name":"Base Environment","data":{},"dataPropertyOrder":null,"color":null,"isPrivate":false,"metaSortKey":1712962395431,"_type":"environment"},{"_id":"jar_8c4d9dea8f73d6870186a5caa7e5827c8c381ca2","parentId":"wrk_9a200e6f601a4fe4b3c67f7e724b0021","modified":1712962395434,"created":1712962395434,"name":"Default Jar","cookies":[],"_type":"cookie_jar"}]}